phrase,verb-type,theme-type,phrase-type,fertilizer,towel,duster,food,glue,lacquer,saw,slingshot,canister,insecticide,pitcher,net,chisel,freezer,wrench,vacuum,organizer,lubricant,furnace,polisher,hammer,paint,pump,scissors,oven,dryer,vinegar,dehydrator,icing,utensil,knife
grow potato,2,i-observed,observed,,,,,,,,,,,,,,,,,,,,,,,,,,,,,,,
preserve potato,3,i-observed,observed,,,,,,,,,,,,,,,,,,,,,,,,,,,,,,,
grow cucumber,2,i-observed,observed,,,,,,,,,,,,,,,,,,,,,,,,,,,,,,,
preserve cucumber,3,i-observed,observed,,,,,,,,,,,,,,,,,,,,,,,,,,,,,,,
grow pepper,2,i-silent,observed,,,,,,,,,,,,,,,,,,,,,,,,,,,,,,,
preserve pepper,3,i-silent,observed,,,,,,,,,,,,,,,,,,,,,,,,,,,,,,,
spray pepper,2,i-silent,unobserved,,,,,,,,,,,,,,,,,,,,,,,,,,,,,,,
preserve pepper,3,i-silent,unobserved,,,,,,,,,,,,,,,,,,,,,,,,,,,,,,,
fill pepper,2,i-silent,unobserved,,,,,,,,,,,,,,,,,,,,,,,,,,,,,,,
repair pepper,3,i-silent,unobserved,,,,,,,,,,,,,,,,,,,,,,,,,,,,,,,
organize pepper,2,i-silent,unobserved,,,,,,,,,,,,,,,,,,,,,,,,,,,,,,,
repair pepper,3,i-silent,unobserved,,,,,,,,,,,,,,,,,,,,,,,,,,,,,,,
freeze pepper,2,i-silent,unobserved,,,,,,,,,,,,,,,,,,,,,,,,,,,,,,,
pour pepper,3,i-silent,unobserved,,,,,,,,,,,,,,,,,,,,,,,,,,,,,,,
consume pepper,2,i-silent,unobserved,,,,,,,,,,,,,,,,,,,,,,,,,,,,,,,
decorate pepper,3,i-silent,unobserved,,,,,,,,,,,,,,,,,,,,,,,,,,,,,,,
bake pepper,2,i-silent,unobserved,,,,,,,,,,,,,,,,,,,,,,,,,,,,,,,
carve pepper,3,i-silent,unobserved,,,,,,,,,,,,,,,,,,,,,,,,,,,,,,,
catch pepper,2,i-silent,unobserved,,,,,,,,,,,,,,,,,,,,,,,,,,,,,,,
heat pepper,3,i-silent,unobserved,,,,,,,,,,,,,,,,,,,,,,,,,,,,,,,
dry pepper,2,i-silent,unobserved,,,,,,,,,,,,,,,,,,,,,,,,,,,,,,,
cut pepper,3,i-silent,unobserved,,,,,,,,,,,,,,,,,,,,,,,,,,,,,,,
seal pepper,2,i-silent,unobserved,,,,,,,,,,,,,,,,,,,,,,,,,,,,,,,
cut pepper,3,i-silent,unobserved,,,,,,,,,,,,,,,,,,,,,,,,,,,,,,,
dust pepper,2,i-silent,unobserved,,,,,,,,,,,,,,,,,,,,,,,,,,,,,,,
clean pepper,3,i-silent,unobserved,,,,,,,,,,,,,,,,,,,,,,,,,,,,,,,
lubricate pepper,2,i-silent,unobserved,,,,,,,,,,,,,,,,,,,,,,,,,,,,,,,
clean pepper,3,i-silent,unobserved,,,,,,,,,,,,,,,,,,,,,,,,,,,,,,,
transfer pepper,2,i-silent,unobserved,,,,,,,,,,,,,,,,,,,,,,,,,,,,,,,
pour pepper,3,i-silent,unobserved,,,,,,,,,,,,,,,,,,,,,,,,,,,,,,,
polish pepper,2,i-silent,unobserved,,,,,,,,,,,,,,,,,,,,,,,,,,,,,,,
decorate pepper,3,i-silent,unobserved,,,,,,,,,,,,,,,,,,,,,,,,,,,,,,,
shoot pepper,2,i-silent,unobserved,,,,,,,,,,,,,,,,,,,,,,,,,,,,,,,
carve pepper,3,i-silent,unobserved,,,,,,,,,,,,,,,,,,,,,,,,,,,,,,,
harden pepper,2,i-silent,unobserved,,,,,,,,,,,,,,,,,,,,,,,,,,,,,,,
heat pepper,3,i-silent,unobserved,,,,,,,,,,,,,,,,,,,,,,,,,,,,,,,
spray strawberry,2,i-observed,observed,,,,,,,,,,,,,,,,,,,,,,,,,,,,,,,
preserve strawberry,3,i-observed,observed,,,,,,,,,,,,,,,,,,,,,,,,,,,,,,,
spray raspberry,2,i-observed,observed,,,,,,,,,,,,,,,,,,,,,,,,,,,,,,,
preserve raspberry,3,i-observed,observed,,,,,,,,,,,,,,,,,,,,,,,,,,,,,,,
spray orange,2,i-silent,observed,,,,,,,,,,,,,,,,,,,,,,,,,,,,,,,
preserve orange,3,i-silent,observed,,,,,,,,,,,,,,,,,,,,,,,,,,,,,,,
grow orange,2,i-silent,unobserved,,,,,,,,,,,,,,,,,,,,,,,,,,,,,,,
preserve orange,3,i-silent,unobserved,,,,,,,,,,,,,,,,,,,,,,,,,,,,,,,
fill orange,2,i-silent,unobserved,,,,,,,,,,,,,,,,,,,,,,,,,,,,,,,
repair orange,3,i-silent,unobserved,,,,,,,,,,,,,,,,,,,,,,,,,,,,,,,
organize orange,2,i-silent,unobserved,,,,,,,,,,,,,,,,,,,,,,,,,,,,,,,
repair orange,3,i-silent,unobserved,,,,,,,,,,,,,,,,,,,,,,,,,,,,,,,
freeze orange,2,i-silent,unobserved,,,,,,,,,,,,,,,,,,,,,,,,,,,,,,,
pour orange,3,i-silent,unobserved,,,,,,,,,,,,,,,,,,,,,,,,,,,,,,,
consume orange,2,i-silent,unobserved,,,,,,,,,,,,,,,,,,,,,,,,,,,,,,,
decorate orange,3,i-silent,unobserved,,,,,,,,,,,,,,,,,,,,,,,,,,,,,,,
bake orange,2,i-silent,unobserved,,,,,,,,,,,,,,,,,,,,,,,,,,,,,,,
carve orange,3,i-silent,unobserved,,,,,,,,,,,,,,,,,,,,,,,,,,,,,,,
catch orange,2,i-silent,unobserved,,,,,,,,,,,,,,,,,,,,,,,,,,,,,,,
heat orange,3,i-silent,unobserved,,,,,,,,,,,,,,,,,,,,,,,,,,,,,,,
dry orange,2,i-silent,unobserved,,,,,,,,,,,,,,,,,,,,,,,,,,,,,,,
cut orange,3,i-silent,unobserved,,,,,,,,,,,,,,,,,,,,,,,,,,,,,,,
seal orange,2,i-silent,unobserved,,,,,,,,,,,,,,,,,,,,,,,,,,,,,,,
cut orange,3,i-silent,unobserved,,,,,,,,,,,,,,,,,,,,,,,,,,,,,,,
dust orange,2,i-silent,unobserved,,,,,,,,,,,,,,,,,,,,,,,,,,,,,,,
clean orange,3,i-silent,unobserved,,,,,,,,,,,,,,,,,,,,,,,,,,,,,,,
lubricate orange,2,i-silent,unobserved,,,,,,,,,,,,,,,,,,,,,,,,,,,,,,,
clean orange,3,i-silent,unobserved,,,,,,,,,,,,,,,,,,,,,,,,,,,,,,,
transfer orange,2,i-silent,unobserved,,,,,,,,,,,,,,,,,,,,,,,,,,,,,,,
pour orange,3,i-silent,unobserved,,,,,,,,,,,,,,,,,,,,,,,,,,,,,,,
polish orange,2,i-silent,unobserved,,,,,,,,,,,,,,,,,,,,,,,,,,,,,,,
decorate orange,3,i-silent,unobserved,,,,,,,,,,,,,,,,,,,,,,,,,,,,,,,
shoot orange,2,i-silent,unobserved,,,,,,,,,,,,,,,,,,,,,,,,,,,,,,,
carve orange,3,i-silent,unobserved,,,,,,,,,,,,,,,,,,,,,,,,,,,,,,,
harden orange,2,i-silent,unobserved,,,,,,,,,,,,,,,,,,,,,,,,,,,,,,,
heat orange,3,i-silent,unobserved,,,,,,,,,,,,,,,,,,,,,,,,,,,,,,,
fill fridge,2,i-observed,observed,,,,,,,,,,,,,,,,,,,,,,,,,,,,,,,
repair fridge,3,i-observed,observed,,,,,,,,,,,,,,,,,,,,,,,,,,,,,,,
fill microwave,2,i-observed,observed,,,,,,,,,,,,,,,,,,,,,,,,,,,,,,,
repair microwave,3,i-observed,observed,,,,,,,,,,,,,,,,,,,,,,,,,,,,,,,
fill blender,2,i-silent,observed,,,,,,,,,,,,,,,,,,,,,,,,,,,,,,,
repair blender,3,i-silent,observed,,,,,,,,,,,,,,,,,,,,,,,,,,,,,,,
grow blender,2,i-silent,unobserved,,,,,,,,,,,,,,,,,,,,,,,,,,,,,,,
preserve blender,3,i-silent,unobserved,,,,,,,,,,,,,,,,,,,,,,,,,,,,,,,
spray blender,2,i-silent,unobserved,,,,,,,,,,,,,,,,,,,,,,,,,,,,,,,
preserve blender,3,i-silent,unobserved,,,,,,,,,,,,,,,,,,,,,,,,,,,,,,,
organize blender,2,i-silent,unobserved,,,,,,,,,,,,,,,,,,,,,,,,,,,,,,,
repair blender,3,i-silent,unobserved,,,,,,,,,,,,,,,,,,,,,,,,,,,,,,,
freeze blender,2,i-silent,unobserved,,,,,,,,,,,,,,,,,,,,,,,,,,,,,,,
pour blender,3,i-silent,unobserved,,,,,,,,,,,,,,,,,,,,,,,,,,,,,,,
consume blender,2,i-silent,unobserved,,,,,,,,,,,,,,,,,,,,,,,,,,,,,,,
decorate blender,3,i-silent,unobserved,,,,,,,,,,,,,,,,,,,,,,,,,,,,,,,
bake blender,2,i-silent,unobserved,,,,,,,,,,,,,,,,,,,,,,,,,,,,,,,
carve blender,3,i-silent,unobserved,,,,,,,,,,,,,,,,,,,,,,,,,,,,,,,
catch blender,2,i-silent,unobserved,,,,,,,,,,,,,,,,,,,,,,,,,,,,,,,
heat blender,3,i-silent,unobserved,,,,,,,,,,,,,,,,,,,,,,,,,,,,,,,
dry blender,2,i-silent,unobserved,,,,,,,,,,,,,,,,,,,,,,,,,,,,,,,
cut blender,3,i-silent,unobserved,,,,,,,,,,,,,,,,,,,,,,,,,,,,,,,
seal blender,2,i-silent,unobserved,,,,,,,,,,,,,,,,,,,,,,,,,,,,,,,
cut blender,3,i-silent,unobserved,,,,,,,,,,,,,,,,,,,,,,,,,,,,,,,
dust blender,2,i-silent,unobserved,,,,,,,,,,,,,,,,,,,,,,,,,,,,,,,
clean blender,3,i-silent,unobserved,,,,,,,,,,,,,,,,,,,,,,,,,,,,,,,
lubricate blender,2,i-silent,unobserved,,,,,,,,,,,,,,,,,,,,,,,,,,,,,,,
clean blender,3,i-silent,unobserved,,,,,,,,,,,,,,,,,,,,,,,,,,,,,,,
transfer blender,2,i-silent,unobserved,,,,,,,,,,,,,,,,,,,,,,,,,,,,,,,
pour blender,3,i-silent,unobserved,,,,,,,,,,,,,,,,,,,,,,,,,,,,,,,
polish blender,2,i-silent,unobserved,,,,,,,,,,,,,,,,,,,,,,,,,,,,,,,
decorate blender,3,i-silent,unobserved,,,,,,,,,,,,,,,,,,,,,,,,,,,,,,,
shoot blender,2,i-silent,unobserved,,,,,,,,,,,,,,,,,,,,,,,,,,,,,,,
carve blender,3,i-silent,unobserved,,,,,,,,,,,,,,,,,,,,,,,,,,,,,,,
harden blender,2,i-silent,unobserved,,,,,,,,,,,,,,,,,,,,,,,,,,,,,,,
heat blender,3,i-silent,unobserved,,,,,,,,,,,,,,,,,,,,,,,,,,,,,,,
organize plate,2,i-observed,observed,,,,,,,,,,,,,,,,,,,,,,,,,,,,,,,
repair plate,3,i-observed,observed,,,,,,,,,,,,,,,,,,,,,,,,,,,,,,,
organize cup,2,i-observed,observed,,,,,,,,,,,,,,,,,,,,,,,,,,,,,,,
repair cup,3,i-observed,observed,,,,,,,,,,,,,,,,,,,,,,,,,,,,,,,
organize bowl,2,i-silent,observed,,,,,,,,,,,,,,,,,,,,,,,,,,,,,,,
repair bowl,3,i-silent,observed,,,,,,,,,,,,,,,,,,,,,,,,,,,,,,,
grow bowl,2,i-silent,unobserved,,,,,,,,,,,,,,,,,,,,,,,,,,,,,,,
preserve bowl,3,i-silent,unobserved,,,,,,,,,,,,,,,,,,,,,,,,,,,,,,,
spray bowl,2,i-silent,unobserved,,,,,,,,,,,,,,,,,,,,,,,,,,,,,,,
preserve bowl,3,i-silent,unobserved,,,,,,,,,,,,,,,,,,,,,,,,,,,,,,,
fill bowl,2,i-silent,unobserved,,,,,,,,,,,,,,,,,,,,,,,,,,,,,,,
repair bowl,3,i-silent,unobserved,,,,,,,,,,,,,,,,,,,,,,,,,,,,,,,
freeze bowl,2,i-silent,unobserved,,,,,,,,,,,,,,,,,,,,,,,,,,,,,,,
pour bowl,3,i-silent,unobserved,,,,,,,,,,,,,,,,,,,,,,,,,,,,,,,
consume bowl,2,i-silent,unobserved,,,,,,,,,,,,,,,,,,,,,,,,,,,,,,,
decorate bowl,3,i-silent,unobserved,,,,,,,,,,,,,,,,,,,,,,,,,,,,,,,
bake bowl,2,i-silent,unobserved,,,,,,,,,,,,,,,,,,,,,,,,,,,,,,,
carve bowl,3,i-silent,unobserved,,,,,,,,,,,,,,,,,,,,,,,,,,,,,,,
catch bowl,2,i-silent,unobserved,,,,,,,,,,,,,,,,,,,,,,,,,,,,,,,
heat bowl,3,i-silent,unobserved,,,,,,,,,,,,,,,,,,,,,,,,,,,,,,,
dry bowl,2,i-silent,unobserved,,,,,,,,,,,,,,,,,,,,,,,,,,,,,,,
cut bowl,3,i-silent,unobserved,,,,,,,,,,,,,,,,,,,,,,,,,,,,,,,
seal bowl,2,i-silent,unobserved,,,,,,,,,,,,,,,,,,,,,,,,,,,,,,,
cut bowl,3,i-silent,unobserved,,,,,,,,,,,,,,,,,,,,,,,,,,,,,,,
dust bowl,2,i-silent,unobserved,,,,,,,,,,,,,,,,,,,,,,,,,,,,,,,
clean bowl,3,i-silent,unobserved,,,,,,,,,,,,,,,,,,,,,,,,,,,,,,,
lubricate bowl,2,i-silent,unobserved,,,,,,,,,,,,,,,,,,,,,,,,,,,,,,,
clean bowl,3,i-silent,unobserved,,,,,,,,,,,,,,,,,,,,,,,,,,,,,,,
transfer bowl,2,i-silent,unobserved,,,,,,,,,,,,,,,,,,,,,,,,,,,,,,,
pour bowl,3,i-silent,unobserved,,,,,,,,,,,,,,,,,,,,,,,,,,,,,,,
polish bowl,2,i-silent,unobserved,,,,,,,,,,,,,,,,,,,,,,,,,,,,,,,
decorate bowl,3,i-silent,unobserved,,,,,,,,,,,,,,,,,,,,,,,,,,,,,,,
shoot bowl,2,i-silent,unobserved,,,,,,,,,,,,,,,,,,,,,,,,,,,,,,,
carve bowl,3,i-silent,unobserved,,,,,,,,,,,,,,,,,,,,,,,,,,,,,,,
harden bowl,2,i-silent,unobserved,,,,,,,,,,,,,,,,,,,,,,,,,,,,,,,
heat bowl,3,i-silent,unobserved,,,,,,,,,,,,,,,,,,,,,,,,,,,,,,,
freeze orange-juice,2,i-observed,observed,,,,,,,,,,,,,,,,,,,,,,,,,,,,,,,
pour orange-juice,3,i-observed,observed,,,,,,,,,,,,,,,,,,,,,,,,,,,,,,,
freeze apple-juice,2,i-observed,observed,,,,,,,,,,,,,,,,,,,,,,,,,,,,,,,
pour apple-juice,3,i-observed,observed,,,,,,,,,,,,,,,,,,,,,,,,,,,,,,,
freeze tomato-juice,2,i-silent,observed,,,,,,,,,,,,,,,,,,,,,,,,,,,,,,,
pour tomato-juice,3,i-silent,observed,,,,,,,,,,,,,,,,,,,,,,,,,,,,,,,
grow tomato-juice,2,i-silent,unobserved,,,,,,,,,,,,,,,,,,,,,,,,,,,,,,,
preserve tomato-juice,3,i-silent,unobserved,,,,,,,,,,,,,,,,,,,,,,,,,,,,,,,
spray tomato-juice,2,i-silent,unobserved,,,,,,,,,,,,,,,,,,,,,,,,,,,,,,,
preserve tomato-juice,3,i-silent,unobserved,,,,,,,,,,,,,,,,,,,,,,,,,,,,,,,
fill tomato-juice,2,i-silent,unobserved,,,,,,,,,,,,,,,,,,,,,,,,,,,,,,,
repair tomato-juice,3,i-silent,unobserved,,,,,,,,,,,,,,,,,,,,,,,,,,,,,,,
organize tomato-juice,2,i-silent,unobserved,,,,,,,,,,,,,,,,,,,,,,,,,,,,,,,
repair tomato-juice,3,i-silent,unobserved,,,,,,,,,,,,,,,,,,,,,,,,,,,,,,,
consume tomato-juice,2,i-silent,unobserved,,,,,,,,,,,,,,,,,,,,,,,,,,,,,,,
decorate tomato-juice,3,i-silent,unobserved,,,,,,,,,,,,,,,,,,,,,,,,,,,,,,,
bake tomato-juice,2,i-silent,unobserved,,,,,,,,,,,,,,,,,,,,,,,,,,,,,,,
carve tomato-juice,3,i-silent,unobserved,,,,,,,,,,,,,,,,,,,,,,,,,,,,,,,
catch tomato-juice,2,i-silent,unobserved,,,,,,,,,,,,,,,,,,,,,,,,,,,,,,,
heat tomato-juice,3,i-silent,unobserved,,,,,,,,,,,,,,,,,,,,,,,,,,,,,,,
dry tomato-juice,2,i-silent,unobserved,,,,,,,,,,,,,,,,,,,,,,,,,,,,,,,
cut tomato-juice,3,i-silent,unobserved,,,,,,,,,,,,,,,,,,,,,,,,,,,,,,,
seal tomato-juice,2,i-silent,unobserved,,,,,,,,,,,,,,,,,,,,,,,,,,,,,,,
cut tomato-juice,3,i-silent,unobserved,,,,,,,,,,,,,,,,,,,,,,,,,,,,,,,
dust tomato-juice,2,i-silent,unobserved,,,,,,,,,,,,,,,,,,,,,,,,,,,,,,,
clean tomato-juice,3,i-silent,unobserved,,,,,,,,,,,,,,,,,,,,,,,,,,,,,,,
lubricate tomato-juice,2,i-silent,unobserved,,,,,,,,,,,,,,,,,,,,,,,,,,,,,,,
clean tomato-juice,3,i-silent,unobserved,,,,,,,,,,,,,,,,,,,,,,,,,,,,,,,
transfer tomato-juice,2,i-silent,unobserved,,,,,,,,,,,,,,,,,,,,,,,,,,,,,,,
pour tomato-juice,3,i-silent,unobserved,,,,,,,,,,,,,,,,,,,,,,,,,,,,,,,
polish tomato-juice,2,i-silent,unobserved,,,,,,,,,,,,,,,,,,,,,,,,,,,,,,,
decorate tomato-juice,3,i-silent,unobserved,,,,,,,,,,,,,,,,,,,,,,,,,,,,,,,
shoot tomato-juice,2,i-silent,unobserved,,,,,,,,,,,,,,,,,,,,,,,,,,,,,,,
carve tomato-juice,3,i-silent,unobserved,,,,,,,,,,,,,,,,,,,,,,,,,,,,,,,
harden tomato-juice,2,i-silent,unobserved,,,,,,,,,,,,,,,,,,,,,,,,,,,,,,,
heat tomato-juice,3,i-silent,unobserved,,,,,,,,,,,,,,,,,,,,,,,,,,,,,,,
consume pudding,2,i-observed,observed,,,,,,,,,,,,,,,,,,,,,,,,,,,,,,,
decorate pudding,3,i-observed,observed,,,,,,,,,,,,,,,,,,,,,,,,,,,,,,,
consume pie,2,i-observed,observed,,,,,,,,,,,,,,,,,,,,,,,,,,,,,,,
decorate pie,3,i-observed,observed,,,,,,,,,,,,,,,,,,,,,,,,,,,,,,,
consume cookie,2,i-silent,observed,,,,,,,,,,,,,,,,,,,,,,,,,,,,,,,
decorate cookie,3,i-silent,observed,,,,,,,,,,,,,,,,,,,,,,,,,,,,,,,
grow cookie,2,i-silent,unobserved,,,,,,,,,,,,,,,,,,,,,,,,,,,,,,,
preserve cookie,3,i-silent,unobserved,,,,,,,,,,,,,,,,,,,,,,,,,,,,,,,
spray cookie,2,i-silent,unobserved,,,,,,,,,,,,,,,,,,,,,,,,,,,,,,,
preserve cookie,3,i-silent,unobserved,,,,,,,,,,,,,,,,,,,,,,,,,,,,,,,
fill cookie,2,i-silent,unobserved,,,,,,,,,,,,,,,,,,,,,,,,,,,,,,,
repair cookie,3,i-silent,unobserved,,,,,,,,,,,,,,,,,,,,,,,,,,,,,,,
organize cookie,2,i-silent,unobserved,,,,,,,,,,,,,,,,,,,,,,,,,,,,,,,
repair cookie,3,i-silent,unobserved,,,,,,,,,,,,,,,,,,,,,,,,,,,,,,,
freeze cookie,2,i-silent,unobserved,,,,,,,,,,,,,,,,,,,,,,,,,,,,,,,
pour cookie,3,i-silent,unobserved,,,,,,,,,,,,,,,,,,,,,,,,,,,,,,,
bake cookie,2,i-silent,unobserved,,,,,,,,,,,,,,,,,,,,,,,,,,,,,,,
carve cookie,3,i-silent,unobserved,,,,,,,,,,,,,,,,,,,,,,,,,,,,,,,
catch cookie,2,i-silent,unobserved,,,,,,,,,,,,,,,,,,,,,,,,,,,,,,,
heat cookie,3,i-silent,unobserved,,,,,,,,,,,,,,,,,,,,,,,,,,,,,,,
dry cookie,2,i-silent,unobserved,,,,,,,,,,,,,,,,,,,,,,,,,,,,,,,
cut cookie,3,i-silent,unobserved,,,,,,,,,,,,,,,,,,,,,,,,,,,,,,,
seal cookie,2,i-silent,unobserved,,,,,,,,,,,,,,,,,,,,,,,,,,,,,,,
cut cookie,3,i-silent,unobserved,,,,,,,,,,,,,,,,,,,,,,,,,,,,,,,
dust cookie,2,i-silent,unobserved,,,,,,,,,,,,,,,,,,,,,,,,,,,,,,,
clean cookie,3,i-silent,unobserved,,,,,,,,,,,,,,,,,,,,,,,,,,,,,,,
lubricate cookie,2,i-silent,unobserved,,,,,,,,,,,,,,,,,,,,,,,,,,,,,,,
clean cookie,3,i-silent,unobserved,,,,,,,,,,,,,,,,,,,,,,,,,,,,,,,
transfer cookie,2,i-silent,unobserved,,,,,,,,,,,,,,,,,,,,,,,,,,,,,,,
pour cookie,3,i-silent,unobserved,,,,,,,,,,,,,,,,,,,,,,,,,,,,,,,
polish cookie,2,i-silent,unobserved,,,,,,,,,,,,,,,,,,,,,,,,,,,,,,,
decorate cookie,3,i-silent,unobserved,,,,,,,,,,,,,,,,,,,,,,,,,,,,,,,
shoot cookie,2,i-silent,unobserved,,,,,,,,,,,,,,,,,,,,,,,,,,,,,,,
carve cookie,3,i-silent,unobserved,,,,,,,,,,,,,,,,,,,,,,,,,,,,,,,
harden cookie,2,i-silent,unobserved,,,,,,,,,,,,,,,,,,,,,,,,,,,,,,,
heat cookie,3,i-silent,unobserved,,,,,,,,,,,,,,,,,,,,,,,,,,,,,,,
bake chicken,2,i-observed,observed,,,,,,,,,,,,,,,,,,,,,,,,,,,,,,,
carve chicken,3,i-observed,observed,,,,,,,,,,,,,,,,,,,,,,,,,,,,,,,
bake duck,2,i-observed,observed,,,,,,,,,,,,,,,,,,,,,,,,,,,,,,,
carve duck,3,i-observed,observed,,,,,,,,,,,,,,,,,,,,,,,,,,,,,,,
bake turkey,2,i-silent,observed,,,,,,,,,,,,,,,,,,,,,,,,,,,,,,,
carve turkey,3,i-silent,observed,,,,,,,,,,,,,,,,,,,,,,,,,,,,,,,
grow turkey,2,i-silent,unobserved,,,,,,,,,,,,,,,,,,,,,,,,,,,,,,,
preserve turkey,3,i-silent,unobserved,,,,,,,,,,,,,,,,,,,,,,,,,,,,,,,
spray turkey,2,i-silent,unobserved,,,,,,,,,,,,,,,,,,,,,,,,,,,,,,,
preserve turkey,3,i-silent,unobserved,,,,,,,,,,,,,,,,,,,,,,,,,,,,,,,
fill turkey,2,i-silent,unobserved,,,,,,,,,,,,,,,,,,,,,,,,,,,,,,,
repair turkey,3,i-silent,unobserved,,,,,,,,,,,,,,,,,,,,,,,,,,,,,,,
organize turkey,2,i-silent,unobserved,,,,,,,,,,,,,,,,,,,,,,,,,,,,,,,
repair turkey,3,i-silent,unobserved,,,,,,,,,,,,,,,,,,,,,,,,,,,,,,,
freeze turkey,2,i-silent,unobserved,,,,,,,,,,,,,,,,,,,,,,,,,,,,,,,
pour turkey,3,i-silent,unobserved,,,,,,,,,,,,,,,,,,,,,,,,,,,,,,,
consume turkey,2,i-silent,unobserved,,,,,,,,,,,,,,,,,,,,,,,,,,,,,,,
decorate turkey,3,i-silent,unobserved,,,,,,,,,,,,,,,,,,,,,,,,,,,,,,,
catch turkey,2,i-silent,unobserved,,,,,,,,,,,,,,,,,,,,,,,,,,,,,,,
heat turkey,3,i-silent,unobserved,,,,,,,,,,,,,,,,,,,,,,,,,,,,,,,
dry turkey,2,i-silent,unobserved,,,,,,,,,,,,,,,,,,,,,,,,,,,,,,,
cut turkey,3,i-silent,unobserved,,,,,,,,,,,,,,,,,,,,,,,,,,,,,,,
seal turkey,2,i-silent,unobserved,,,,,,,,,,,,,,,,,,,,,,,,,,,,,,,
cut turkey,3,i-silent,unobserved,,,,,,,,,,,,,,,,,,,,,,,,,,,,,,,
dust turkey,2,i-silent,unobserved,,,,,,,,,,,,,,,,,,,,,,,,,,,,,,,
clean turkey,3,i-silent,unobserved,,,,,,,,,,,,,,,,,,,,,,,,,,,,,,,
lubricate turkey,2,i-silent,unobserved,,,,,,,,,,,,,,,,,,,,,,,,,,,,,,,
clean turkey,3,i-silent,unobserved,,,,,,,,,,,,,,,,,,,,,,,,,,,,,,,
transfer turkey,2,i-silent,unobserved,,,,,,,,,,,,,,,,,,,,,,,,,,,,,,,
pour turkey,3,i-silent,unobserved,,,,,,,,,,,,,,,,,,,,,,,,,,,,,,,
polish turkey,2,i-silent,unobserved,,,,,,,,,,,,,,,,,,,,,,,,,,,,,,,
decorate turkey,3,i-silent,unobserved,,,,,,,,,,,,,,,,,,,,,,,,,,,,,,,
shoot turkey,2,i-silent,unobserved,,,,,,,,,,,,,,,,,,,,,,,,,,,,,,,
carve turkey,3,i-silent,unobserved,,,,,,,,,,,,,,,,,,,,,,,,,,,,,,,
harden turkey,2,i-silent,unobserved,,,,,,,,,,,,,,,,,,,,,,,,,,,,,,,
heat turkey,3,i-silent,unobserved,,,,,,,,,,,,,,,,,,,,,,,,,,,,,,,
catch salmon,2,i-observed,observed,,,,,,,,,,,,,,,,,,,,,,,,,,,,,,,
heat salmon,3,i-observed,observed,,,,,,,,,,,,,,,,,,,,,,,,,,,,,,,
catch trout,2,i-observed,observed,,,,,,,,,,,,,,,,,,,,,,,,,,,,,,,
heat trout,3,i-observed,observed,,,,,,,,,,,,,,,,,,,,,,,,,,,,,,,
catch tilapia,2,i-silent,observed,,,,,,,,,,,,,,,,,,,,,,,,,,,,,,,
heat tilapia,3,i-silent,observed,,,,,,,,,,,,,,,,,,,,,,,,,,,,,,,
grow tilapia,2,i-silent,unobserved,,,,,,,,,,,,,,,,,,,,,,,,,,,,,,,
preserve tilapia,3,i-silent,unobserved,,,,,,,,,,,,,,,,,,,,,,,,,,,,,,,
spray tilapia,2,i-silent,unobserved,,,,,,,,,,,,,,,,,,,,,,,,,,,,,,,
preserve tilapia,3,i-silent,unobserved,,,,,,,,,,,,,,,,,,,,,,,,,,,,,,,
fill tilapia,2,i-silent,unobserved,,,,,,,,,,,,,,,,,,,,,,,,,,,,,,,
repair tilapia,3,i-silent,unobserved,,,,,,,,,,,,,,,,,,,,,,,,,,,,,,,
organize tilapia,2,i-silent,unobserved,,,,,,,,,,,,,,,,,,,,,,,,,,,,,,,
repair tilapia,3,i-silent,unobserved,,,,,,,,,,,,,,,,,,,,,,,,,,,,,,,
freeze tilapia,2,i-silent,unobserved,,,,,,,,,,,,,,,,,,,,,,,,,,,,,,,
pour tilapia,3,i-silent,unobserved,,,,,,,,,,,,,,,,,,,,,,,,,,,,,,,
consume tilapia,2,i-silent,unobserved,,,,,,,,,,,,,,,,,,,,,,,,,,,,,,,
decorate tilapia,3,i-silent,unobserved,,,,,,,,,,,,,,,,,,,,,,,,,,,,,,,
bake tilapia,2,i-silent,unobserved,,,,,,,,,,,,,,,,,,,,,,,,,,,,,,,
carve tilapia,3,i-silent,unobserved,,,,,,,,,,,,,,,,,,,,,,,,,,,,,,,
dry tilapia,2,i-silent,unobserved,,,,,,,,,,,,,,,,,,,,,,,,,,,,,,,
cut tilapia,3,i-silent,unobserved,,,,,,,,,,,,,,,,,,,,,,,,,,,,,,,
seal tilapia,2,i-silent,unobserved,,,,,,,,,,,,,,,,,,,,,,,,,,,,,,,
cut tilapia,3,i-silent,unobserved,,,,,,,,,,,,,,,,,,,,,,,,,,,,,,,
dust tilapia,2,i-silent,unobserved,,,,,,,,,,,,,,,,,,,,,,,,,,,,,,,
clean tilapia,3,i-silent,unobserved,,,,,,,,,,,,,,,,,,,,,,,,,,,,,,,
lubricate tilapia,2,i-silent,unobserved,,,,,,,,,,,,,,,,,,,,,,,,,,,,,,,
clean tilapia,3,i-silent,unobserved,,,,,,,,,,,,,,,,,,,,,,,,,,,,,,,
transfer tilapia,2,i-silent,unobserved,,,,,,,,,,,,,,,,,,,,,,,,,,,,,,,
pour tilapia,3,i-silent,unobserved,,,,,,,,,,,,,,,,,,,,,,,,,,,,,,,
polish tilapia,2,i-silent,unobserved,,,,,,,,,,,,,,,,,,,,,,,,,,,,,,,
decorate tilapia,3,i-silent,unobserved,,,,,,,,,,,,,,,,,,,,,,,,,,,,,,,
shoot tilapia,2,i-silent,unobserved,,,,,,,,,,,,,,,,,,,,,,,,,,,,,,,
carve tilapia,3,i-silent,unobserved,,,,,,,,,,,,,,,,,,,,,,,,,,,,,,,
harden tilapia,2,i-silent,unobserved,,,,,,,,,,,,,,,,,,,,,,,,,,,,,,,
heat tilapia,3,i-silent,unobserved,,,,,,,,,,,,,,,,,,,,,,,,,,,,,,,
dry shirt,2,i-observed,observed,,,,,,,,,,,,,,,,,,,,,,,,,,,,,,,
cut shirt,3,i-observed,observed,,,,,,,,,,,,,,,,,,,,,,,,,,,,,,,
dry pants,2,i-observed,observed,,,,,,,,,,,,,,,,,,,,,,,,,,,,,,,
cut pants,3,i-observed,observed,,,,,,,,,,,,,,,,,,,,,,,,,,,,,,,
dry sock,2,i-silent,observed,,,,,,,,,,,,,,,,,,,,,,,,,,,,,,,
cut sock,3,i-silent,observed,,,,,,,,,,,,,,,,,,,,,,,,,,,,,,,
grow sock,2,i-silent,unobserved,,,,,,,,,,,,,,,,,,,,,,,,,,,,,,,
preserve sock,3,i-silent,unobserved,,,,,,,,,,,,,,,,,,,,,,,,,,,,,,,
spray sock,2,i-silent,unobserved,,,,,,,,,,,,,,,,,,,,,,,,,,,,,,,
preserve sock,3,i-silent,unobserved,,,,,,,,,,,,,,,,,,,,,,,,,,,,,,,
fill sock,2,i-silent,unobserved,,,,,,,,,,,,,,,,,,,,,,,,,,,,,,,
repair sock,3,i-silent,unobserved,,,,,,,,,,,,,,,,,,,,,,,,,,,,,,,
organize sock,2,i-silent,unobserved,,,,,,,,,,,,,,,,,,,,,,,,,,,,,,,
repair sock,3,i-silent,unobserved,,,,,,,,,,,,,,,,,,,,,,,,,,,,,,,
freeze sock,2,i-silent,unobserved,,,,,,,,,,,,,,,,,,,,,,,,,,,,,,,
pour sock,3,i-silent,unobserved,,,,,,,,,,,,,,,,,,,,,,,,,,,,,,,
consume sock,2,i-silent,unobserved,,,,,,,,,,,,,,,,,,,,,,,,,,,,,,,
decorate sock,3,i-silent,unobserved,,,,,,,,,,,,,,,,,,,,,,,,,,,,,,,
bake sock,2,i-silent,unobserved,,,,,,,,,,,,,,,,,,,,,,,,,,,,,,,
carve sock,3,i-silent,unobserved,,,,,,,,,,,,,,,,,,,,,,,,,,,,,,,
catch sock,2,i-silent,unobserved,,,,,,,,,,,,,,,,,,,,,,,,,,,,,,,
heat sock,3,i-silent,unobserved,,,,,,,,,,,,,,,,,,,,,,,,,,,,,,,
seal sock,2,i-silent,unobserved,,,,,,,,,,,,,,,,,,,,,,,,,,,,,,,
cut sock,3,i-silent,unobserved,,,,,,,,,,,,,,,,,,,,,,,,,,,,,,,
dust sock,2,i-silent,unobserved,,,,,,,,,,,,,,,,,,,,,,,,,,,,,,,
clean sock,3,i-silent,unobserved,,,,,,,,,,,,,,,,,,,,,,,,,,,,,,,
lubricate sock,2,i-silent,unobserved,,,,,,,,,,,,,,,,,,,,,,,,,,,,,,,
clean sock,3,i-silent,unobserved,,,,,,,,,,,,,,,,,,,,,,,,,,,,,,,
transfer sock,2,i-silent,unobserved,,,,,,,,,,,,,,,,,,,,,,,,,,,,,,,
pour sock,3,i-silent,unobserved,,,,,,,,,,,,,,,,,,,,,,,,,,,,,,,
polish sock,2,i-silent,unobserved,,,,,,,,,,,,,,,,,,,,,,,,,,,,,,,
decorate sock,3,i-silent,unobserved,,,,,,,,,,,,,,,,,,,,,,,,,,,,,,,
shoot sock,2,i-silent,unobserved,,,,,,,,,,,,,,,,,,,,,,,,,,,,,,,
carve sock,3,i-silent,unobserved,,,,,,,,,,,,,,,,,,,,,,,,,,,,,,,
harden sock,2,i-silent,unobserved,,,,,,,,,,,,,,,,,,,,,,,,,,,,,,,
heat sock,3,i-silent,unobserved,,,,,,,,,,,,,,,,,,,,,,,,,,,,,,,
seal pine,2,i-observed,observed,,,,,,,,,,,,,,,,,,,,,,,,,,,,,,,
cut pine,3,i-observed,observed,,,,,,,,,,,,,,,,,,,,,,,,,,,,,,,
seal mahogany,2,i-observed,observed,,,,,,,,,,,,,,,,,,,,,,,,,,,,,,,
cut mahogany,3,i-observed,observed,,,,,,,,,,,,,,,,,,,,,,,,,,,,,,,
seal ash,2,i-silent,observed,,,,,,,,,,,,,,,,,,,,,,,,,,,,,,,
cut ash,3,i-silent,observed,,,,,,,,,,,,,,,,,,,,,,,,,,,,,,,
grow ash,2,i-silent,unobserved,,,,,,,,,,,,,,,,,,,,,,,,,,,,,,,
preserve ash,3,i-silent,unobserved,,,,,,,,,,,,,,,,,,,,,,,,,,,,,,,
spray ash,2,i-silent,unobserved,,,,,,,,,,,,,,,,,,,,,,,,,,,,,,,
preserve ash,3,i-silent,unobserved,,,,,,,,,,,,,,,,,,,,,,,,,,,,,,,
fill ash,2,i-silent,unobserved,,,,,,,,,,,,,,,,,,,,,,,,,,,,,,,
repair ash,3,i-silent,unobserved,,,,,,,,,,,,,,,,,,,,,,,,,,,,,,,
organize ash,2,i-silent,unobserved,,,,,,,,,,,,,,,,,,,,,,,,,,,,,,,
repair ash,3,i-silent,unobserved,,,,,,,,,,,,,,,,,,,,,,,,,,,,,,,
freeze ash,2,i-silent,unobserved,,,,,,,,,,,,,,,,,,,,,,,,,,,,,,,
pour ash,3,i-silent,unobserved,,,,,,,,,,,,,,,,,,,,,,,,,,,,,,,
consume ash,2,i-silent,unobserved,,,,,,,,,,,,,,,,,,,,,,,,,,,,,,,
decorate ash,3,i-silent,unobserved,,,,,,,,,,,,,,,,,,,,,,,,,,,,,,,
bake ash,2,i-silent,unobserved,,,,,,,,,,,,,,,,,,,,,,,,,,,,,,,
carve ash,3,i-silent,unobserved,,,,,,,,,,,,,,,,,,,,,,,,,,,,,,,
catch ash,2,i-silent,unobserved,,,,,,,,,,,,,,,,,,,,,,,,,,,,,,,
heat ash,3,i-silent,unobserved,,,,,,,,,,,,,,,,,,,,,,,,,,,,,,,
dry ash,2,i-silent,unobserved,,,,,,,,,,,,,,,,,,,,,,,,,,,,,,,
cut ash,3,i-silent,unobserved,,,,,,,,,,,,,,,,,,,,,,,,,,,,,,,
dust ash,2,i-silent,unobserved,,,,,,,,,,,,,,,,,,,,,,,,,,,,,,,
clean ash,3,i-silent,unobserved,,,,,,,,,,,,,,,,,,,,,,,,,,,,,,,
lubricate ash,2,i-silent,unobserved,,,,,,,,,,,,,,,,,,,,,,,,,,,,,,,
clean ash,3,i-silent,unobserved,,,,,,,,,,,,,,,,,,,,,,,,,,,,,,,
transfer ash,2,i-silent,unobserved,,,,,,,,,,,,,,,,,,,,,,,,,,,,,,,
pour ash,3,i-silent,unobserved,,,,,,,,,,,,,,,,,,,,,,,,,,,,,,,
polish ash,2,i-silent,unobserved,,,,,,,,,,,,,,,,,,,,,,,,,,,,,,,
decorate ash,3,i-silent,unobserved,,,,,,,,,,,,,,,,,,,,,,,,,,,,,,,
shoot ash,2,i-silent,unobserved,,,,,,,,,,,,,,,,,,,,,,,,,,,,,,,
carve ash,3,i-silent,unobserved,,,,,,,,,,,,,,,,,,,,,,,,,,,,,,,
harden ash,2,i-silent,unobserved,,,,,,,,,,,,,,,,,,,,,,,,,,,,,,,
heat ash,3,i-silent,unobserved,,,,,,,,,,,,,,,,,,,,,,,,,,,,,,,
dust googles,2,i-observed,observed,,,,,,,,,,,,,,,,,,,,,,,,,,,,,,,
clean googles,3,i-observed,observed,,,,,,,,,,,,,,,,,,,,,,,,,,,,,,,
dust glove,2,i-observed,observed,,,,,,,,,,,,,,,,,,,,,,,,,,,,,,,
clean glove,3,i-observed,observed,,,,,,,,,,,,,,,,,,,,,,,,,,,,,,,
dust faceshield,2,i-silent,observed,,,,,,,,,,,,,,,,,,,,,,,,,,,,,,,
clean faceshield,3,i-silent,observed,,,,,,,,,,,,,,,,,,,,,,,,,,,,,,,
grow faceshield,2,i-silent,unobserved,,,,,,,,,,,,,,,,,,,,,,,,,,,,,,,
preserve faceshield,3,i-silent,unobserved,,,,,,,,,,,,,,,,,,,,,,,,,,,,,,,
spray faceshield,2,i-silent,unobserved,,,,,,,,,,,,,,,,,,,,,,,,,,,,,,,
preserve faceshield,3,i-silent,unobserved,,,,,,,,,,,,,,,,,,,,,,,,,,,,,,,
fill faceshield,2,i-silent,unobserved,,,,,,,,,,,,,,,,,,,,,,,,,,,,,,,
repair faceshield,3,i-silent,unobserved,,,,,,,,,,,,,,,,,,,,,,,,,,,,,,,
organize faceshield,2,i-silent,unobserved,,,,,,,,,,,,,,,,,,,,,,,,,,,,,,,
repair faceshield,3,i-silent,unobserved,,,,,,,,,,,,,,,,,,,,,,,,,,,,,,,
freeze faceshield,2,i-silent,unobserved,,,,,,,,,,,,,,,,,,,,,,,,,,,,,,,
pour faceshield,3,i-silent,unobserved,,,,,,,,,,,,,,,,,,,,,,,,,,,,,,,
consume faceshield,2,i-silent,unobserved,,,,,,,,,,,,,,,,,,,,,,,,,,,,,,,
decorate faceshield,3,i-silent,unobserved,,,,,,,,,,,,,,,,,,,,,,,,,,,,,,,
bake faceshield,2,i-silent,unobserved,,,,,,,,,,,,,,,,,,,,,,,,,,,,,,,
carve faceshield,3,i-silent,unobserved,,,,,,,,,,,,,,,,,,,,,,,,,,,,,,,
catch faceshield,2,i-silent,unobserved,,,,,,,,,,,,,,,,,,,,,,,,,,,,,,,
heat faceshield,3,i-silent,unobserved,,,,,,,,,,,,,,,,,,,,,,,,,,,,,,,
dry faceshield,2,i-silent,unobserved,,,,,,,,,,,,,,,,,,,,,,,,,,,,,,,
cut faceshield,3,i-silent,unobserved,,,,,,,,,,,,,,,,,,,,,,,,,,,,,,,
seal faceshield,2,i-silent,unobserved,,,,,,,,,,,,,,,,,,,,,,,,,,,,,,,
cut faceshield,3,i-silent,unobserved,,,,,,,,,,,,,,,,,,,,,,,,,,,,,,,
lubricate faceshield,2,i-silent,unobserved,,,,,,,,,,,,,,,,,,,,,,,,,,,,,,,
clean faceshield,3,i-silent,unobserved,,,,,,,,,,,,,,,,,,,,,,,,,,,,,,,
transfer faceshield,2,i-silent,unobserved,,,,,,,,,,,,,,,,,,,,,,,,,,,,,,,
pour faceshield,3,i-silent,unobserved,,,,,,,,,,,,,,,,,,,,,,,,,,,,,,,
polish faceshield,2,i-silent,unobserved,,,,,,,,,,,,,,,,,,,,,,,,,,,,,,,
decorate faceshield,3,i-silent,unobserved,,,,,,,,,,,,,,,,,,,,,,,,,,,,,,,
shoot faceshield,2,i-silent,unobserved,,,,,,,,,,,,,,,,,,,,,,,,,,,,,,,
carve faceshield,3,i-silent,unobserved,,,,,,,,,,,,,,,,,,,,,,,,,,,,,,,
harden faceshield,2,i-silent,unobserved,,,,,,,,,,,,,,,,,,,,,,,,,,,,,,,
heat faceshield,3,i-silent,unobserved,,,,,,,,,,,,,,,,,,,,,,,,,,,,,,,
lubricate tablesaw,2,i-observed,observed,,,,,,,,,,,,,,,,,,,,,,,,,,,,,,,
clean tablesaw,3,i-observed,observed,,,,,,,,,,,,,,,,,,,,,,,,,,,,,,,
lubricate beltsander,2,i-observed,observed,,,,,,,,,,,,,,,,,,,,,,,,,,,,,,,
clean beltsander,3,i-observed,observed,,,,,,,,,,,,,,,,,,,,,,,,,,,,,,,
lubricate workstation,2,i-silent,observed,,,,,,,,,,,,,,,,,,,,,,,,,,,,,,,
clean workstation,3,i-silent,observed,,,,,,,,,,,,,,,,,,,,,,,,,,,,,,,
grow workstation,2,i-silent,unobserved,,,,,,,,,,,,,,,,,,,,,,,,,,,,,,,
preserve workstation,3,i-silent,unobserved,,,,,,,,,,,,,,,,,,,,,,,,,,,,,,,
spray workstation,2,i-silent,unobserved,,,,,,,,,,,,,,,,,,,,,,,,,,,,,,,
preserve workstation,3,i-silent,unobserved,,,,,,,,,,,,,,,,,,,,,,,,,,,,,,,
fill workstation,2,i-silent,unobserved,,,,,,,,,,,,,,,,,,,,,,,,,,,,,,,
repair workstation,3,i-silent,unobserved,,,,,,,,,,,,,,,,,,,,,,,,,,,,,,,
organize workstation,2,i-silent,unobserved,,,,,,,,,,,,,,,,,,,,,,,,,,,,,,,
repair workstation,3,i-silent,unobserved,,,,,,,,,,,,,,,,,,,,,,,,,,,,,,,
freeze workstation,2,i-silent,unobserved,,,,,,,,,,,,,,,,,,,,,,,,,,,,,,,
pour workstation,3,i-silent,unobserved,,,,,,,,,,,,,,,,,,,,,,,,,,,,,,,
consume workstation,2,i-silent,unobserved,,,,,,,,,,,,,,,,,,,,,,,,,,,,,,,
decorate workstation,3,i-silent,unobserved,,,,,,,,,,,,,,,,,,,,,,,,,,,,,,,
bake workstation,2,i-silent,unobserved,,,,,,,,,,,,,,,,,,,,,,,,,,,,,,,
carve workstation,3,i-silent,unobserved,,,,,,,,,,,,,,,,,,,,,,,,,,,,,,,
catch workstation,2,i-silent,unobserved,,,,,,,,,,,,,,,,,,,,,,,,,,,,,,,
heat workstation,3,i-silent,unobserved,,,,,,,,,,,,,,,,,,,,,,,,,,,,,,,
dry workstation,2,i-silent,unobserved,,,,,,,,,,,,,,,,,,,,,,,,,,,,,,,
cut workstation,3,i-silent,unobserved,,,,,,,,,,,,,,,,,,,,,,,,,,,,,,,
seal workstation,2,i-silent,unobserved,,,,,,,,,,,,,,,,,,,,,,,,,,,,,,,
cut workstation,3,i-silent,unobserved,,,,,,,,,,,,,,,,,,,,,,,,,,,,,,,
dust workstation,2,i-silent,unobserved,,,,,,,,,,,,,,,,,,,,,,,,,,,,,,,
clean workstation,3,i-silent,unobserved,,,,,,,,,,,,,,,,,,,,,,,,,,,,,,,
transfer workstation,2,i-silent,unobserved,,,,,,,,,,,,,,,,,,,,,,,,,,,,,,,
pour workstation,3,i-silent,unobserved,,,,,,,,,,,,,,,,,,,,,,,,,,,,,,,
polish workstation,2,i-silent,unobserved,,,,,,,,,,,,,,,,,,,,,,,,,,,,,,,
decorate workstation,3,i-silent,unobserved,,,,,,,,,,,,,,,,,,,,,,,,,,,,,,,
shoot workstation,2,i-silent,unobserved,,,,,,,,,,,,,,,,,,,,,,,,,,,,,,,
carve workstation,3,i-silent,unobserved,,,,,,,,,,,,,,,,,,,,,,,,,,,,,,,
harden workstation,2,i-silent,unobserved,,,,,,,,,,,,,,,,,,,,,,,,,,,,,,,
heat workstation,3,i-silent,unobserved,,,,,,,,,,,,,,,,,,,,,,,,,,,,,,,
transfer coolant,2,i-observed,observed,,,,,,,,,,,,,,,,,,,,,,,,,,,,,,,
pour coolant,3,i-observed,observed,,,,,,,,,,,,,,,,,,,,,,,,,,,,,,,
transfer anti-freeze,2,i-observed,observed,,,,,,,,,,,,,,,,,,,,,,,,,,,,,,,
pour anti-freeze,3,i-observed,observed,,,,,,,,,,,,,,,,,,,,,,,,,,,,,,,
transfer brake-fluid,2,i-silent,observed,,,,,,,,,,,,,,,,,,,,,,,,,,,,,,,
pour brake-fluid,3,i-silent,observed,,,,,,,,,,,,,,,,,,,,,,,,,,,,,,,
grow brake-fluid,2,i-silent,unobserved,,,,,,,,,,,,,,,,,,,,,,,,,,,,,,,
preserve brake-fluid,3,i-silent,unobserved,,,,,,,,,,,,,,,,,,,,,,,,,,,,,,,
spray brake-fluid,2,i-silent,unobserved,,,,,,,,,,,,,,,,,,,,,,,,,,,,,,,
preserve brake-fluid,3,i-silent,unobserved,,,,,,,,,,,,,,,,,,,,,,,,,,,,,,,
fill brake-fluid,2,i-silent,unobserved,,,,,,,,,,,,,,,,,,,,,,,,,,,,,,,
repair brake-fluid,3,i-silent,unobserved,,,,,,,,,,,,,,,,,,,,,,,,,,,,,,,
organize brake-fluid,2,i-silent,unobserved,,,,,,,,,,,,,,,,,,,,,,,,,,,,,,,
repair brake-fluid,3,i-silent,unobserved,,,,,,,,,,,,,,,,,,,,,,,,,,,,,,,
freeze brake-fluid,2,i-silent,unobserved,,,,,,,,,,,,,,,,,,,,,,,,,,,,,,,
pour brake-fluid,3,i-silent,unobserved,,,,,,,,,,,,,,,,,,,,,,,,,,,,,,,
consume brake-fluid,2,i-silent,unobserved,,,,,,,,,,,,,,,,,,,,,,,,,,,,,,,
decorate brake-fluid,3,i-silent,unobserved,,,,,,,,,,,,,,,,,,,,,,,,,,,,,,,
bake brake-fluid,2,i-silent,unobserved,,,,,,,,,,,,,,,,,,,,,,,,,,,,,,,
carve brake-fluid,3,i-silent,unobserved,,,,,,,,,,,,,,,,,,,,,,,,,,,,,,,
catch brake-fluid,2,i-silent,unobserved,,,,,,,,,,,,,,,,,,,,,,,,,,,,,,,
heat brake-fluid,3,i-silent,unobserved,,,,,,,,,,,,,,,,,,,,,,,,,,,,,,,
dry brake-fluid,2,i-silent,unobserved,,,,,,,,,,,,,,,,,,,,,,,,,,,,,,,
cut brake-fluid,3,i-silent,unobserved,,,,,,,,,,,,,,,,,,,,,,,,,,,,,,,
seal brake-fluid,2,i-silent,unobserved,,,,,,,,,,,,,,,,,,,,,,,,,,,,,,,
cut brake-fluid,3,i-silent,unobserved,,,,,,,,,,,,,,,,,,,,,,,,,,,,,,,
dust brake-fluid,2,i-silent,unobserved,,,,,,,,,,,,,,,,,,,,,,,,,,,,,,,
clean brake-fluid,3,i-silent,unobserved,,,,,,,,,,,,,,,,,,,,,,,,,,,,,,,
lubricate brake-fluid,2,i-silent,unobserved,,,,,,,,,,,,,,,,,,,,,,,,,,,,,,,
clean brake-fluid,3,i-silent,unobserved,,,,,,,,,,,,,,,,,,,,,,,,,,,,,,,
polish brake-fluid,2,i-silent,unobserved,,,,,,,,,,,,,,,,,,,,,,,,,,,,,,,
decorate brake-fluid,3,i-silent,unobserved,,,,,,,,,,,,,,,,,,,,,,,,,,,,,,,
shoot brake-fluid,2,i-silent,unobserved,,,,,,,,,,,,,,,,,,,,,,,,,,,,,,,
carve brake-fluid,3,i-silent,unobserved,,,,,,,,,,,,,,,,,,,,,,,,,,,,,,,
harden brake-fluid,2,i-silent,unobserved,,,,,,,,,,,,,,,,,,,,,,,,,,,,,,,
heat brake-fluid,3,i-silent,unobserved,,,,,,,,,,,,,,,,,,,,,,,,,,,,,,,
polish car,2,i-observed,observed,,,,,,,,,,,,,,,,,,,,,,,,,,,,,,,
decorate car,3,i-observed,observed,,,,,,,,,,,,,,,,,,,,,,,,,,,,,,,
polish truck,2,i-observed,observed,,,,,,,,,,,,,,,,,,,,,,,,,,,,,,,
decorate truck,3,i-observed,observed,,,,,,,,,,,,,,,,,,,,,,,,,,,,,,,
polish motorcycle,2,i-silent,observed,,,,,,,,,,,,,,,,,,,,,,,,,,,,,,,
decorate motorcycle,3,i-silent,observed,,,,,,,,,,,,,,,,,,,,,,,,,,,,,,,
grow motorcycle,2,i-silent,unobserved,,,,,,,,,,,,,,,,,,,,,,,,,,,,,,,
preserve motorcycle,3,i-silent,unobserved,,,,,,,,,,,,,,,,,,,,,,,,,,,,,,,
spray motorcycle,2,i-silent,unobserved,,,,,,,,,,,,,,,,,,,,,,,,,,,,,,,
preserve motorcycle,3,i-silent,unobserved,,,,,,,,,,,,,,,,,,,,,,,,,,,,,,,
fill motorcycle,2,i-silent,unobserved,,,,,,,,,,,,,,,,,,,,,,,,,,,,,,,
repair motorcycle,3,i-silent,unobserved,,,,,,,,,,,,,,,,,,,,,,,,,,,,,,,
organize motorcycle,2,i-silent,unobserved,,,,,,,,,,,,,,,,,,,,,,,,,,,,,,,
repair motorcycle,3,i-silent,unobserved,,,,,,,,,,,,,,,,,,,,,,,,,,,,,,,
freeze motorcycle,2,i-silent,unobserved,,,,,,,,,,,,,,,,,,,,,,,,,,,,,,,
pour motorcycle,3,i-silent,unobserved,,,,,,,,,,,,,,,,,,,,,,,,,,,,,,,
consume motorcycle,2,i-silent,unobserved,,,,,,,,,,,,,,,,,,,,,,,,,,,,,,,
decorate motorcycle,3,i-silent,unobserved,,,,,,,,,,,,,,,,,,,,,,,,,,,,,,,
bake motorcycle,2,i-silent,unobserved,,,,,,,,,,,,,,,,,,,,,,,,,,,,,,,
carve motorcycle,3,i-silent,unobserved,,,,,,,,,,,,,,,,,,,,,,,,,,,,,,,
catch motorcycle,2,i-silent,unobserved,,,,,,,,,,,,,,,,,,,,,,,,,,,,,,,
heat motorcycle,3,i-silent,unobserved,,,,,,,,,,,,,,,,,,,,,,,,,,,,,,,
dry motorcycle,2,i-silent,unobserved,,,,,,,,,,,,,,,,,,,,,,,,,,,,,,,
cut motorcycle,3,i-silent,unobserved,,,,,,,,,,,,,,,,,,,,,,,,,,,,,,,
seal motorcycle,2,i-silent,unobserved,,,,,,,,,,,,,,,,,,,,,,,,,,,,,,,
cut motorcycle,3,i-silent,unobserved,,,,,,,,,,,,,,,,,,,,,,,,,,,,,,,
dust motorcycle,2,i-silent,unobserved,,,,,,,,,,,,,,,,,,,,,,,,,,,,,,,
clean motorcycle,3,i-silent,unobserved,,,,,,,,,,,,,,,,,,,,,,,,,,,,,,,
lubricate motorcycle,2,i-silent,unobserved,,,,,,,,,,,,,,,,,,,,,,,,,,,,,,,
clean motorcycle,3,i-silent,unobserved,,,,,,,,,,,,,,,,,,,,,,,,,,,,,,,
transfer motorcycle,2,i-silent,unobserved,,,,,,,,,,,,,,,,,,,,,,,,,,,,,,,
pour motorcycle,3,i-silent,unobserved,,,,,,,,,,,,,,,,,,,,,,,,,,,,,,,
shoot motorcycle,2,i-silent,unobserved,,,,,,,,,,,,,,,,,,,,,,,,,,,,,,,
carve motorcycle,3,i-silent,unobserved,,,,,,,,,,,,,,,,,,,,,,,,,,,,,,,
harden motorcycle,2,i-silent,unobserved,,,,,,,,,,,,,,,,,,,,,,,,,,,,,,,
heat motorcycle,3,i-silent,unobserved,,,,,,,,,,,,,,,,,,,,,,,,,,,,,,,
shoot granite,2,i-observed,observed,,,,,,,,,,,,,,,,,,,,,,,,,,,,,,,
carve granite,3,i-observed,observed,,,,,,,,,,,,,,,,,,,,,,,,,,,,,,,
shoot limestone,2,i-observed,observed,,,,,,,,,,,,,,,,,,,,,,,,,,,,,,,
carve limestone,3,i-observed,observed,,,,,,,,,,,,,,,,,,,,,,,,,,,,,,,
shoot marble,2,i-silent,observed,,,,,,,,,,,,,,,,,,,,,,,,,,,,,,,
carve marble,3,i-silent,observed,,,,,,,,,,,,,,,,,,,,,,,,,,,,,,,
grow marble,2,i-silent,unobserved,,,,,,,,,,,,,,,,,,,,,,,,,,,,,,,
preserve marble,3,i-silent,unobserved,,,,,,,,,,,,,,,,,,,,,,,,,,,,,,,
spray marble,2,i-silent,unobserved,,,,,,,,,,,,,,,,,,,,,,,,,,,,,,,
preserve marble,3,i-silent,unobserved,,,,,,,,,,,,,,,,,,,,,,,,,,,,,,,
fill marble,2,i-silent,unobserved,,,,,,,,,,,,,,,,,,,,,,,,,,,,,,,
repair marble,3,i-silent,unobserved,,,,,,,,,,,,,,,,,,,,,,,,,,,,,,,
organize marble,2,i-silent,unobserved,,,,,,,,,,,,,,,,,,,,,,,,,,,,,,,
repair marble,3,i-silent,unobserved,,,,,,,,,,,,,,,,,,,,,,,,,,,,,,,
freeze marble,2,i-silent,unobserved,,,,,,,,,,,,,,,,,,,,,,,,,,,,,,,
pour marble,3,i-silent,unobserved,,,,,,,,,,,,,,,,,,,,,,,,,,,,,,,
consume marble,2,i-silent,unobserved,,,,,,,,,,,,,,,,,,,,,,,,,,,,,,,
decorate marble,3,i-silent,unobserved,,,,,,,,,,,,,,,,,,,,,,,,,,,,,,,
bake marble,2,i-silent,unobserved,,,,,,,,,,,,,,,,,,,,,,,,,,,,,,,
carve marble,3,i-silent,unobserved,,,,,,,,,,,,,,,,,,,,,,,,,,,,,,,
catch marble,2,i-silent,unobserved,,,,,,,,,,,,,,,,,,,,,,,,,,,,,,,
heat marble,3,i-silent,unobserved,,,,,,,,,,,,,,,,,,,,,,,,,,,,,,,
dry marble,2,i-silent,unobserved,,,,,,,,,,,,,,,,,,,,,,,,,,,,,,,
cut marble,3,i-silent,unobserved,,,,,,,,,,,,,,,,,,,,,,,,,,,,,,,
seal marble,2,i-silent,unobserved,,,,,,,,,,,,,,,,,,,,,,,,,,,,,,,
cut marble,3,i-silent,unobserved,,,,,,,,,,,,,,,,,,,,,,,,,,,,,,,
dust marble,2,i-silent,unobserved,,,,,,,,,,,,,,,,,,,,,,,,,,,,,,,
clean marble,3,i-silent,unobserved,,,,,,,,,,,,,,,,,,,,,,,,,,,,,,,
lubricate marble,2,i-silent,unobserved,,,,,,,,,,,,,,,,,,,,,,,,,,,,,,,
clean marble,3,i-silent,unobserved,,,,,,,,,,,,,,,,,,,,,,,,,,,,,,,
transfer marble,2,i-silent,unobserved,,,,,,,,,,,,,,,,,,,,,,,,,,,,,,,
pour marble,3,i-silent,unobserved,,,,,,,,,,,,,,,,,,,,,,,,,,,,,,,
polish marble,2,i-silent,unobserved,,,,,,,,,,,,,,,,,,,,,,,,,,,,,,,
decorate marble,3,i-silent,unobserved,,,,,,,,,,,,,,,,,,,,,,,,,,,,,,,
harden marble,2,i-silent,unobserved,,,,,,,,,,,,,,,,,,,,,,,,,,,,,,,
heat marble,3,i-silent,unobserved,,,,,,,,,,,,,,,,,,,,,,,,,,,,,,,
harden iron,2,i-observed,observed,,,,,,,,,,,,,,,,,,,,,,,,,,,,,,,
heat iron,3,i-observed,observed,,,,,,,,,,,,,,,,,,,,,,,,,,,,,,,
harden steel,2,i-observed,observed,,,,,,,,,,,,,,,,,,,,,,,,,,,,,,,
heat steel,3,i-observed,observed,,,,,,,,,,,,,,,,,,,,,,,,,,,,,,,
harden copper,2,i-silent,observed,,,,,,,,,,,,,,,,,,,,,,,,,,,,,,,
heat copper,3,i-silent,observed,,,,,,,,,,,,,,,,,,,,,,,,,,,,,,,
grow copper,2,i-silent,unobserved,,,,,,,,,,,,,,,,,,,,,,,,,,,,,,,
preserve copper,3,i-silent,unobserved,,,,,,,,,,,,,,,,,,,,,,,,,,,,,,,
spray copper,2,i-silent,unobserved,,,,,,,,,,,,,,,,,,,,,,,,,,,,,,,
preserve copper,3,i-silent,unobserved,,,,,,,,,,,,,,,,,,,,,,,,,,,,,,,
fill copper,2,i-silent,unobserved,,,,,,,,,,,,,,,,,,,,,,,,,,,,,,,
repair copper,3,i-silent,unobserved,,,,,,,,,,,,,,,,,,,,,,,,,,,,,,,
organize copper,2,i-silent,unobserved,,,,,,,,,,,,,,,,,,,,,,,,,,,,,,,
repair copper,3,i-silent,unobserved,,,,,,,,,,,,,,,,,,,,,,,,,,,,,,,
freeze copper,2,i-silent,unobserved,,,,,,,,,,,,,,,,,,,,,,,,,,,,,,,
pour copper,3,i-silent,unobserved,,,,,,,,,,,,,,,,,,,,,,,,,,,,,,,
consume copper,2,i-silent,unobserved,,,,,,,,,,,,,,,,,,,,,,,,,,,,,,,
decorate copper,3,i-silent,unobserved,,,,,,,,,,,,,,,,,,,,,,,,,,,,,,,
bake copper,2,i-silent,unobserved,,,,,,,,,,,,,,,,,,,,,,,,,,,,,,,
carve copper,3,i-silent,unobserved,,,,,,,,,,,,,,,,,,,,,,,,,,,,,,,
catch copper,2,i-silent,unobserved,,,,,,,,,,,,,,,,,,,,,,,,,,,,,,,
heat copper,3,i-silent,unobserved,,,,,,,,,,,,,,,,,,,,,,,,,,,,,,,
dry copper,2,i-silent,unobserved,,,,,,,,,,,,,,,,,,,,,,,,,,,,,,,
cut copper,3,i-silent,unobserved,,,,,,,,,,,,,,,,,,,,,,,,,,,,,,,
seal copper,2,i-silent,unobserved,,,,,,,,,,,,,,,,,,,,,,,,,,,,,,,
cut copper,3,i-silent,unobserved,,,,,,,,,,,,,,,,,,,,,,,,,,,,,,,
dust copper,2,i-silent,unobserved,,,,,,,,,,,,,,,,,,,,,,,,,,,,,,,
clean copper,3,i-silent,unobserved,,,,,,,,,,,,,,,,,,,,,,,,,,,,,,,
lubricate copper,2,i-silent,unobserved,,,,,,,,,,,,,,,,,,,,,,,,,,,,,,,
clean copper,3,i-silent,unobserved,,,,,,,,,,,,,,,,,,,,,,,,,,,,,,,
transfer copper,2,i-silent,unobserved,,,,,,,,,,,,,,,,,,,,,,,,,,,,,,,
pour copper,3,i-silent,unobserved,,,,,,,,,,,,,,,,,,,,,,,,,,,,,,,
polish copper,2,i-silent,unobserved,,,,,,,,,,,,,,,,,,,,,,,,,,,,,,,
decorate copper,3,i-silent,unobserved,,,,,,,,,,,,,,,,,,,,,,,,,,,,,,,
shoot copper,2,i-silent,unobserved,,,,,,,,,,,,,,,,,,,,,,,,,,,,,,,
carve copper,3,i-silent,unobserved,,,,,,,,,,,,,,,,,,,,,,,,,,,,,,,
